Loan_ID,Gender,Married,Dependents,Education,Self_Employed,ApplicantIncome,CoapplicantIncome,LoanAmount,Loan_Amount_Term,Credit_History,Loan_Status,Property_Area_Rural,Property_Area_Semiurban,Property_Area_Urban
LP001002,1,0,0,1,0,0.6113666192304265,-0.9148862214035848,0.25502062185500496,0.0,1.0,1,0,0,1
LP001003,1,1,1,1,0,0.2629305817865566,0.030759777670044782,-0.015666760127385233,0.0,1.0,0,1,0,0
LP001005,1,1,0,1,1,-0.342338214145268,-0.9148862214035848,-1.344796941561334,0.0,1.0,1,0,0,1
LP001006,1,1,0,0,0,-0.556093622694223,0.08848543360207126,-0.14555657067520103,0.0,1.0,1,0,0,1
LP001008,1,0,0,1,0,0.647778298034387,-0.9148862214035848,0.17913116295222203,0.0,1.0,1,0,0,1
LP001011,1,1,2,1,1,0.5017579065196904,0.16292210859996603,1.4677660705579398,0.0,1.0,1,0,0,1
LP001013,1,1,0,0,0,-0.7014791698521796,0.03144292897106559,-0.6151150013499931,0.0,1.0,1,0,0,1
LP001014,1,1,3,1,0,-0.325300560378209,0.09624405565179324,0.4085460717847583,0.0,0.0,0,0,1,0
LP001018,1,1,2,1,0,0.07071807380424336,0.032291819599063964,0.5322938956103335,0.0,1.0,1,0,0,1
LP001020,1,1,1,1,0,1.734786604305213,0.2870456144712843,2.0093559061651316,0.0,1.0,0,0,1,0
LP001024,1,1,2,1,0,-0.25015664545638117,-0.06829768909021754,-1.2271503431074149,0.0,1.0,1,0,0,1
LP001027,1,1,2,1,0,-0.6027403262816897,0.056452849186718196,-0.33892523314276635,0.0,1.0,1,0,0,1
LP001028,1,1,2,1,0,-0.3079988117710917,0.24798240296467924,0.8841065110008623,0.0,1.0,1,0,0,1
LP001029,1,0,0,1,0,-1.0304386330969169,0.1125062063370153,-0.24873992565205646,0.0,1.0,0,1,0,0
LP001030,1,1,2,1,0,-1.537628549853743,-0.011621352127764484,-4.011337573026345,-1.0930874127361392,1.0,1,0,0,1
LP001032,1,0,0,1,0,0.3729717566429627,-0.9148862214035848,-0.0634062651912426,0.0,1.0,1,0,0,1
LP001034,1,0,1,0,0,-0.0835082115520995,-0.9148862214035848,-0.5121063125826106,-0.40408102484222574,1.0,1,0,0,1
LP001036,0,0,0,1,0,-0.11808363241991547,-0.9148862214035848,-1.0625599696076846,0.0,0.0,0,0,0,1
LP001038,1,1,0,0,0,0.3546742979918754,-0.9148862214035848,0.061484564498302974,0.0,1.0,0,1,0,0
LP001041,1,1,0,1,0,-0.5467245422694732,0.13949526627209902,-0.231174141854004,0.0,1.0,1,0,0,1
LP001043,1,1,0,0,0,0.9967097215224083,-0.9148862214035848,-0.4333066855726925,0.0,0.0,0,0,0,1
LP001046,1,1,1,1,0,0.6370238633794852,0.20078162179805134,1.8020273123251418,0.0,1.0,1,0,0,1
LP001047,1,1,0,0,0,-0.5467245422694732,0.06134192113047054,-0.21375913917562778,0.0,0.0,0,0,1,0
LP001050,1,1,2,0,0,-0.17834355899890078,0.061746727797263486,-0.2843344413488908,0.0,0.0,0,1,0,0
LP001052,1,1,1,1,0,-0.03623600172243792,0.11631506844729562,0.3172004352061515,0.0,1.0,0,0,1,0
LP001066,1,1,0,1,1,1.3132555669383394,-0.9148862214035848,0.7911665047096439,0.0,1.0,1,0,1,0
LP001068,1,1,0,1,0,-0.44139000510160514,0.08260274732327538,-0.11229622980103274,0.0,1.0,1,0,1,0
LP001073,1,1,2,0,0,0.14708590281104256,-0.017207966461968822,-0.320564606884054,0.0,1.0,1,0,0,1
LP001086,1,0,0,0,0,-1.3885210842020221,-0.9148862214035848,-2.6050560669667076,0.0,1.0,0,0,0,1
LP001087,0,0,2,1,0,-0.023610473514123195,0.07247117921909096,-0.14555657067520103,0.0,1.0,1,0,1,0
LP001091,1,1,1,1,0,0.1266598273355147,0.13456808203344878,0.8941751934770262,0.0,1.0,0,0,0,1
LP001095,1,0,0,1,0,-0.26496278463869244,-0.9148862214035848,-1.115953455167411,0.0,1.0,0,0,0,1
LP001097,1,0,1,1,1,0.29650698545680754,-0.9148862214035848,-0.39502563752284736,0.0,1.0,0,1,0,0
LP001098,1,1,0,1,0,-0.1221588766118158,0.0437028603121246,-0.24873992565205646,0.0,1.0,1,0,1,0
LP001100,1,0,3,1,0,1.696334703179318,0.11958504277083934,1.8338778150393489,0.0,1.0,0,1,0,0
LP001106,1,1,0,1,0,-0.737433005986979,0.07147540790241752,0.25502062185500496,0.0,1.0,1,0,0,1
LP001109,1,1,0,1,0,-1.049835885199714,0.01454294127915416,-0.5121063125826106,0.0,0.0,0,0,0,1
LP001112,0,1,0,1,0,-0.05558072784217828,0.026494766799282837,0.2215473842671055,0.0,1.0,1,0,1,0
LP001114,1,0,0,1,0,0.1266598273355147,0.23285038624253923,0.7158164787941349,0.0,1.0,1,0,0,1
LP001116,1,0,0,0,0,-0.02437248934287362,0.04378029554895911,-0.320564606884054,0.0,1.0,1,0,1,0
LP001119,1,0,0,1,0,-0.08192023734579701,-0.9148862214035848,-0.959812173961589,0.0,1.0,0,0,0,1
LP001120,1,0,0,1,0,-1.0718781020110937,0.0026552057001829137,-2.02139650740963,0.0,1.0,1,0,0,1
LP001123,1,1,0,1,0,-0.6610421578478999,-0.9148862214035848,-1.0890810708534855,0.0,1.0,1,0,0,1
LP001131,1,1,0,1,0,0.04735092146881148,0.08727485611122414,0.0765689117165981,0.0,1.0,1,0,1,0
LP001136,1,1,0,0,1,0.2974200409645318,-0.9148862214035848,-0.5940906126371206,0.0,1.0,1,0,0,1
LP001137,0,0,0,1,0,-0.15936878284513223,-0.9148862214035848,-0.768721822070208,0.0,1.0,1,0,0,1
LP001138,1,1,1,1,0,0.5616649246374597,-0.9148862214035848,-2.1523345408455983,0.0,1.0,1,0,0,1
LP001144,1,1,0,1,0,0.604511597502787,-0.9148862214035848,0.2215473842671055,0.0,1.0,1,0,0,1
LP001146,0,1,0,1,0,-0.5222165718211863,0.1372618366069946,-0.14555657067520103,0.0,0.0,0,0,0,1
LP001151,0,0,0,1,0,0.06857704496447542,0.08385768661709951,0.2215473842671055,0.0,1.0,1,0,1,0
LP001155,0,1,0,0,0,-0.9737785663233343,0.041908919120593566,-0.5121063125826106,0.0,1.0,1,0,1,0
LP001157,0,0,0,1,0,-0.30196921821436185,-0.9148862214035848,-0.14555657067520103,0.0,1.0,1,0,1,0
LP001164,0,0,0,1,0,0.14843731425730658,-0.9148862214035848,-0.2843344413488908,0.0,1.0,0,0,1,0
LP001179,1,1,2,1,0,0.2731794526609316,-0.9148862214035848,0.0765689117165981,0.0,1.0,0,0,0,1
LP001186,0,1,1,1,1,1.5772106960632246,-0.9148862214035848,1.6067316254718749,0.0,0.0,0,0,0,1
LP001194,1,1,2,1,0,-0.48859667608374907,-0.0023355337297842112,-0.5732818624805314,0.0,1.0,1,0,1,0
LP001195,1,1,0,1,0,-0.8301466268482339,0.03767768741723989,-0.5940906126371206,0.0,1.0,1,0,1,0
LP001197,1,1,0,1,0,-0.1779191479917583,0.07952846692469469,0.09154193432486801,0.0,1.0,0,1,0,0
LP001198,1,1,1,1,0,1.0729681257055281,0.08243067090877228,0.6714685850921709,0.0,1.0,1,0,0,1
LP001199,1,1,2,0,0,-0.18174339319096017,0.11336739636536142,0.2215473842671055,0.0,1.0,1,0,0,1
LP001205,1,1,0,1,0,-0.6027403262816897,0.14998153517080107,-0.14555657067520103,0.0,1.0,1,0,0,1
LP001206,1,1,3,1,0,-0.32859756448348076,-0.9148862214035848,-0.5322938956103317,0.0,1.0,1,0,0,1
LP001207,1,1,0,0,1,-0.5417892018007502,0.1375993222724364,0.49595557455338907,-0.6903809270670545,0.0,0,1,0,0
LP001213,1,1,1,1,0,0.3715281072880074,-0.9148862214035848,0.25502062185500496,0.0,0.0,0,1,0,0
LP001222,0,0,0,1,0,0.1266598273355147,-0.9148862214035848,-0.21375913917562778,0.0,0.0,0,0,1,0
LP001225,1,1,0,1,0,0.5810052977633178,0.17465564688551793,1.3984632483888517,0.0,1.0,0,0,1,0
LP001228,1,0,0,0,0,-0.25015664545638117,0.08266005523674147,-0.04736795752049021,-0.6903809270670545,0.0,0,0,0,1
LP001233,1,1,1,1,0,1.4808606340730879,-0.9148862214035848,1.782674205116803,0.0,1.0,1,0,0,1
LP001238,1,1,3,0,1,0.8882554816906743,-0.9148862214035848,-0.0634062651912426,-1.7780040941595692,1.0,1,0,0,1
LP001241,0,0,0,1,0,0.17188241958169134,-0.9148862214035848,0.10640526347497817,0.0,0.0,0,0,1,0
LP001243,1,1,0,1,0,-0.24659026695558622,0.12239571572768433,0.5797541967440896,0.0,1.0,1,0,0,1
LP001245,1,1,2,0,1,-1.013584200552187,0.05888607908331908,-0.5732818624805314,0.0,1.0,1,0,1,0
LP001248,1,0,0,1,0,-0.1221588766118158,-0.9148862214035848,-0.9349181763035903,-0.18176769358400513,1.0,1,0,1,0
LP001250,1,1,3,0,0,0.3155596791774708,-0.9148862214035848,-0.6151150013499931,0.0,0.0,0,0,1,0
LP001253,1,1,3,1,1,0.4613723023115117,0.05173592851140183,0.7484526037881976,0.0,1.0,1,0,1,0
LP001255,1,0,0,1,0,-0.023610473514123195,-0.9148862214035848,-0.26645912435092617,0.28698931177288056,1.0,0,0,0,1
LP001256,1,0,0,1,0,-0.023610473514123195,0.17894107381046406,0.626129595419647,0.0,1.0,0,0,0,1
LP001259,1,1,1,1,1,-1.911061204780617,0.12052874389648235,-0.320564606884054,0.0,1.0,0,0,0,1
LP001263,1,1,3,1,0,-0.26496278463869244,0.15674300109974026,0.6714685850921709,-0.18176769358400513,0.0,0,0,1,0
LP001264,1,1,3,0,1,-0.1919917071475084,0.07751706026681997,0.015546707146203476,0.0,1.0,1,0,1,0
LP001265,0,0,0,1,0,0.012496435028145892,-0.9148862214035848,-0.3023686521367243,0.0,1.0,1,0,1,0
LP001266,1,1,1,1,1,-0.6640206447406773,-0.9148862214035848,0.25502062185500496,0.0,1.0,1,0,1,0
LP001267,0,1,2,1,0,-1.4533386457706028,0.059298641505586815,0.520253294365835,0.0,1.0,0,0,0,1
LP001273,1,1,0,1,0,0.647778298034387,0.08243067090877228,1.4525687309219797,0.0,1.0,0,0,1,0
LP001275,1,1,1,1,0,0.06428533817304401,-0.9148862214035848,-1.8983991312918473,-0.40408102484222574,1.0,1,0,0,1
LP001279,1,0,0,1,0,-0.6814193941531289,0.09762918648723012,0.10640526347497817,0.0,1.0,1,0,1,0
LP001280,1,1,2,0,0,-0.1919917071475084,0.06722019600219332,-0.5322938956103317,0.0,1.0,1,0,1,0
LP001282,1,1,0,1,0,-0.6027403262816897,0.0746230367680516,-0.4333066855726925,0.0,1.0,1,0,1,0
LP001289,1,0,0,1,0,1.1564116941475324,-0.9148862214035848,0.982613011320608,0.0,1.0,1,0,0,1
LP001310,1,1,0,1,0,0.573250368632324,0.16202627238097947,0.6146347467957594,0.0,1.0,1,0,1,0
LP001316,1,1,0,1,0,-0.3624757102743604,0.11520642350525992,0.030975187238681704,0.0,1.0,1,0,1,0
LP001318,1,1,2,1,0,0.7060944092329051,0.20144589415485517,0.7592156813113168,-0.6903809270670545,1.0,1,0,1,0
LP001319,1,1,2,0,0,-0.21793878182174212,0.05504157694847742,-0.9349181763035903,0.0,1.0,1,0,0,1
LP001322,1,0,0,1,0,0.11529975585651513,-0.9148862214035848,-0.11229622980103274,0.0,1.0,1,0,1,0
LP001325,1,0,0,0,0,-0.07400673251306314,-0.9148862214035848,-3.2652845382403823,-1.0930874127361392,1.0,1,0,1,0
LP001326,1,0,0,1,0,0.8227943173933328,-0.9148862214035848,0.25502062185500496,0.0,1.0,0,0,0,1
LP001327,0,1,0,1,0,-0.6119102231089719,0.08538136385110458,0.1211604947293934,0.0,1.0,1,0,1,0
LP001333,1,1,0,1,0,-0.9379383443503477,-0.02265814148339841,-1.8983991312918473,0.0,1.0,1,0,1,0
LP001334,1,1,0,0,0,0.13418333734535565,-0.9148862214035848,-0.231174141854004,-0.6903809270670545,1.0,1,0,1,0
LP001343,1,1,0,1,0,-1.104780407078927,0.14099953663416637,0.030975187238681704,0.0,1.0,1,0,1,0
LP001345,1,1,2,0,0,0.16789048316870286,0.130438917521862,0.061484564498302974,-0.6903809270670545,1.0,1,0,0,1
LP001349,1,0,0,1,0,0.3417547063896868,0.1503213583251264,0.3172004352061515,0.0,1.0,1,0,1,0
LP001350,1,1,0,1,0,1.822073224108188,-0.9148862214035848,0.25502062185500496,0.0,1.0,1,0,0,1
LP001356,1,1,0,1,0,0.28427682608103527,0.14252254863676797,0.25502062185500496,0.0,1.0,1,0,1,0
LP001357,1,1,0,1,0,0.0013107334939508413,-0.05870972377702693,0.43390684394266216,0.0,1.0,1,0,0,1
LP001367,1,1,1,1,0,-0.3177929981716637,-0.018455087040645052,-0.5121063125826106,0.0,1.0,1,0,0,1
LP001369,1,1,2,1,0,1.5668621442966622,-0.006952345838613245,1.1219470647107461,0.0,1.0,1,0,0,1
LP001370,1,0,0,0,0,0.9343842761235254,-0.9148862214035848,-0.14555657067520103,0.0,1.0,0,1,0,0
LP001379,1,1,2,1,0,-0.004690975073893686,0.14313393786657266,1.0394999723106804,0.0,0.0,0,0,0,1
LP001384,1,1,3,0,0,-0.8716028326902493,-0.05870972377702693,-0.636359544732376,0.28698931177288056,1.0,1,0,1,0
LP001385,1,0,0,1,0,0.4748718324890335,-0.9148862214035848,0.10640526347497817,0.0,1.0,1,0,0,1
LP001387,0,1,0,1,0,-0.37654769011534694,0.08710889502380463,0.15035287398438518,0.0,1.0,1,0,1,0
LP001391,1,1,0,0,0,-0.09307329929256004,0.1603728304005904,0.33050432127034796,0.0,0.0,0,1,0,0
LP001392,0,0,1,1,1,0.9571895753895575,-0.9148862214035848,0.25502062185500496,0.0,1.0,1,0,1,0
LP001398,1,0,0,1,0,0.4015425875736298,-0.9148862214035848,-0.17937127601894082,0.0,1.0,1,0,1,0
LP001401,1,1,1,1,0,1.9165330731344246,-0.9148862214035848,0.7267536230974115,-0.6903809270670545,1.0,1,1,0,0
LP001404,0,1,0,1,0,-0.26496278463869244,0.08431102283234702,0.3568532027159617,0.0,1.0,1,0,1,0
LP001405,1,1,1,1,0,-0.7762488237230531,0.020980644189782998,-0.8382887066299446,0.0,1.0,1,0,0,1
LP001421,1,1,0,1,0,0.5410332886248457,0.07607815141243891,0.6146347467957594,0.0,1.0,0,1,0,0
LP001422,0,0,0,1,0,1.4346711071888494,-0.9148862214035848,1.406281506059637,0.0,1.0,1,0,0,1
LP001426,1,1,0,1,0,0.5662095535991044,0.10438891791578744,0.6714685850921709,0.0,1.0,1,1,0,0
LP001430,0,0,0,1,0,0.1266598273355147,-0.9148862214035848,-2.1523345408455983,0.0,1.0,1,0,1,0
LP001431,0,0,0,1,0,-0.8268013206020127,0.26121040213528385,0.1211604947293934,0.0,0.0,1,0,1,0
LP001432,1,1,2,1,0,-0.36295865083837814,-0.9148862214035848,-0.9349181763035903,0.0,1.0,1,0,1,0
LP001439,1,1,0,0,0,0.17188241958169134,0.06812100126631933,0.8226219465025594,0.0,1.0,1,1,0,0
LP001443,0,0,0,1,0,-0.045875625691671196,-0.9148862214035848,-0.6578289022714394,0.0,1.0,1,1,0,0
LP001448,1,1,3,1,0,2.616533079204468,-0.9148862214035848,2.127573927057664,0.0,1.0,1,1,0,0
LP001449,1,0,0,1,0,0.019535685168656444,0.04159437072715014,0.25502062185500496,0.0,1.0,1,1,0,0
LP001451,1,1,1,1,1,1.4490116054108528,0.15180605220455143,0.43390684394266216,-0.6903809270670545,0.0,0,0,0,1
LP001465,1,1,0,1,0,0.6666996756388012,0.09955381093330841,0.6937637034638803,0.0,1.0,0,1,0,0
LP001469,1,0,0,1,1,2.379632800479685,-0.9148862214035848,3.268403424872875,0.28698931177288056,1.0,1,0,0,1
LP001473,1,0,0,1,0,-0.911458825199302,0.06255255591132797,-1.115953455167411,0.0,1.0,1,0,0,1
LP001478,1,0,0,1,0,-0.4833321909639832,-0.9148862214035848,-1.2271503431074149,0.0,1.0,1,0,1,0
LP001482,1,1,0,1,1,-0.1389899764170086,-0.9148862214035848,-3.2652845382403823,-1.0930874127361392,1.0,1,0,1,0
LP001487,1,0,0,1,0,0.35701081469417584,-0.9148862214035848,-0.4723239525746005,0.0,1.0,1,0,1,0
LP001488,1,1,3,1,0,0.06857704496447542,0.24218051441697683,1.6348128399250756,0.0,1.0,0,0,1,0
LP001489,0,1,0,1,0,0.2629305817865566,-0.9148862214035848,-0.8620180456136595,0.0,1.0,0,1,0,0
LP001491,1,1,2,1,1,-0.19929566350331102,0.13949526627209902,-0.768721822070208,0.0,1.0,1,0,0,1
LP001492,1,0,0,1,0,1.9567177345794362,-0.9148862214035848,1.2690912786006054,0.0,0.0,0,0,1,0
LP001493,1,1,2,0,0,0.1382704332766712,0.023902621759259196,0.0,0.0,1.0,0,1,0,0
LP001497,1,1,2,1,0,0.39927782839915016,0.07247117921909096,0.7267536230974115,0.0,1.0,0,1,0,0
LP001498,1,0,0,1,0,0.5017579065196904,-0.9148862214035848,0.5322938956103335,0.0,1.0,1,0,0,1
LP001504,1,0,0,1,1,0.8577509147061235,-0.9148862214035848,0.6146347467957594,-0.6903809270670545,1.0,1,0,1,0
LP001507,1,1,0,1,0,-0.49388063049751685,0.06939706782492058,-0.11229622980103274,0.0,1.0,1,0,1,0
LP001508,1,1,2,1,0,1.6087865431486088,-0.9148862214035848,0.7484526037881976,-0.6903809270670545,1.0,1,0,0,1
LP001514,0,1,0,1,0,-0.7033168288129586,0.17155456769048152,-0.5121063125826106,0.0,1.0,1,0,1,0
LP001516,0,1,2,1,0,1.9439927237727814,-0.9148862214035848,-1.2271503431074149,0.0,1.0,1,0,0,1
LP001518,1,1,1,1,0,-1.296495423182873,0.023450396275546227,-2.908431335524422,0.0,1.0,1,0,0,1
LP001519,0,0,0,1,0,1.3775403121601548,0.04362537863736408,1.1219470647107461,0.0,1.0,0,1,0,0
LP001520,1,1,0,1,0,0.3467602249488913,-0.04631782142132262,-0.0634062651912426,0.0,1.0,1,0,1,0
LP001528,1,0,0,1,0,0.712252460176149,-0.9148862214035848,-0.17937127601894082,0.0,0.0,0,1,0,0
LP001529,1,1,0,1,1,-0.5594150801645555,0.14840673250388922,0.33050432127034796,0.0,1.0,1,1,0,0
LP001531,1,0,0,1,0,1.2531293116879008,-0.9148862214035848,1.285721169700215,0.0,1.0,0,0,0,1
LP001532,1,1,2,0,0,-0.7336714075570063,-0.9148862214035848,-0.26645912435092617,0.0,1.0,0,1,0,0
LP001535,1,0,0,1,0,-0.22625456981023845,-0.9148862214035848,-1.8983991312918473,0.0,1.0,1,0,0,1
LP001536,1,1,3,1,0,3.358106606545949,-0.9148862214035848,3.106269640569772,-0.6903809270670545,0.0,1,0,1,0
LP001541,1,1,1,1,0,0.647778298034387,-0.9148862214035848,0.43390684394266216,0.0,1.0,1,1,0,0
LP001543,1,1,1,1,0,1.3099641359339451,-0.9148862214035848,0.7484526037881976,0.0,1.0,1,0,0,1
LP001546,1,0,0,1,0,-0.35189210895469514,0.07247117921909096,-0.14555657067520103,0.0,1.0,1,1,0,0
LP001552,1,1,0,1,0,0.2629305817865566,0.20078162179805134,1.3748260642667214,0.0,1.0,1,0,1,0
LP001560,1,1,0,0,0,-1.022752871449019,-0.017083913942797672,-0.552684372318396,0.0,1.0,1,0,1,0
LP001562,1,1,0,1,0,1.0467381529766038,-0.9148862214035848,1.5274420007890286,0.0,1.0,0,0,0,1
LP001565,1,1,1,1,0,-0.30058137969334703,0.00959590937408913,-0.12885824303867904,0.0,0.0,0,0,1,0
LP001570,1,1,2,1,0,0.1270026658842589,0.025428455199624687,0.4085460717847583,0.0,1.0,1,1,0,0
LP001572,1,1,0,1,0,1.2773923363939201,-0.9148862214035848,-1.0890810708534855,-0.6903809270670545,1.0,1,0,0,1
LP001574,1,1,0,1,0,-0.040084050493478594,0.12654110463669357,0.6937637034638803,0.0,1.0,1,1,0,0
LP001577,0,1,0,1,0,0.2629305817865566,-0.9148862214035848,-0.2843344413488908,0.0,1.0,0,1,0,0
LP001578,1,1,0,1,0,-0.6380206285337618,0.1331804717992526,0.0,0.0,1.0,1,1,0,0
LP001579,1,0,0,1,0,-0.7614892351001575,-0.9148862214035848,-1.4377369478525523,0.28698931177288056,0.0,0,0,1,0
LP001580,1,1,2,1,0,1.0587530635927977,-0.9148862214035848,0.8841065110008623,0.0,1.0,1,0,1,0
LP001581,1,1,0,0,0,-1.0560990388784277,0.051371469345067464,-0.6151150013499931,0.0,1.0,1,1,0,0
LP001585,1,1,3,1,0,3.7264681063248837,-0.9148862214035848,3.418533680175424,-0.18176769358400513,1.0,1,0,0,1
LP001586,1,1,3,0,0,-0.11320863316656699,-0.9148862214035848,-0.9349181763035903,-0.6903809270670545,1.0,0,1,0,0
LP001594,1,1,0,1,0,0.5765075616932253,0.20078162179805134,0.7484526037881976,0.0,1.0,1,0,1,0
LP001603,1,1,0,0,1,0.18642483158840814,-0.06182731792956719,-0.7916467592638758,0.0,1.0,0,0,1,0
LP001606,1,1,0,1,0,-0.12338371993161304,0.06487458200909926,-0.21375913917562778,0.0,1.0,1,1,0,0
LP001608,1,1,2,1,0,-0.8896449717875605,0.03993030941376912,-0.4921176252322114,0.0,1.0,1,1,0,0
LP001610,1,1,3,1,0,0.5276295205509236,0.2908981341691141,2.716694688714126,0.0,0.0,0,0,1,0
LP001616,1,1,1,1,0,-0.023610473514123195,-0.9148862214035848,-0.21375913917562778,0.0,1.0,1,0,1,0
LP001630,1,0,0,0,0,-0.7014791698521796,0.02578487111886813,-0.4723239525746005,0.28698931177288056,0.0,0,0,0,1
LP001633,1,1,1,1,0,0.7399747426382808,0.2335650924699251,0.6714685850921709,0.0,0.0,0,0,0,1
LP001634,1,0,0,1,0,-0.9826945368790024,0.18718427964911888,-1.314739571734769,0.0,1.0,0,1,0,0
LP001636,1,1,0,1,0,0.26821948362674686,-0.9148862214035848,-1.1431865533866135,-0.6903809270670545,1.0,1,0,1,0
LP001637,1,1,1,1,0,3.1194588498024616,-0.9148862214035848,1.4140697511511147,0.0,1.0,0,0,1,0
LP001639,0,1,0,1,0,-0.07203518584305851,-0.9148862214035848,-0.35745353867385105,0.0,1.0,1,0,1,0
LP001640,1,1,0,1,1,3.327344811405814,0.17894107381046406,-0.14555657067520103,0.0,1.0,1,0,1,0
LP001641,1,1,1,1,1,-0.7996613035371235,-0.9148862214035848,-1.344796941561334,-0.18176769358400513,0.0,0,1,0,0
LP001643,1,1,0,1,0,-0.6711944488242267,0.07583676752384073,-1.6027738571425476,0.0,1.0,1,1,0,0
LP001644,1,1,0,1,1,-2.474060520038019,0.19299623538714086,0.5322938956103335,0.0,1.0,1,1,0,0
LP001647,1,1,0,1,0,1.2781583148849214,-0.9148862214035848,0.7592156813113168,-0.6903809270670545,1.0,1,1,0,0
LP001653,1,0,0,0,0,0.3540895713027054,-0.9148862214035848,-1.9795633685401692,0.0,1.0,1,1,0,0
LP001656,1,0,0,1,0,1.6380138305485972,-0.9148862214035848,0.4836967133597912,0.0,1.0,0,0,1,0
LP001657,1,1,0,0,0,0.6556137523681255,-0.9148862214035848,0.43390684394266216,0.0,1.0,0,0,0,1
LP001658,1,0,0,1,0,0.016946310345944824,-0.9148862214035848,-1.0625599696076846,0.0,1.0,1,0,1,0
LP001664,1,0,0,1,0,0.1352062079140704,-0.9148862214035848,-0.14555657067520103,0.0,1.0,1,1,0,0
LP001665,1,1,1,1,0,-0.2840316234788143,0.10025571783740336,0.5561628221516332,0.0,1.0,0,0,1,0
LP001666,1,0,0,1,0,1.117014409938954,0.14840673250388922,0.7484526037881976,0.0,1.0,1,1,0,0
LP001669,0,0,0,0,0,-0.9894182182050516,0.08886825073781592,-0.14555657067520103,0.0,1.0,1,0,0,1
LP001671,0,1,0,1,0,-0.156857745915784,0.11141011756764457,-0.26645912435092617,0.0,1.0,1,0,1,0
LP001673,1,0,0,1,1,1.513704569363889,-0.9148862214035848,-0.886028211693802,0.0,1.0,0,0,0,1
LP001674,1,1,1,0,0,-0.5467245422694732,0.09603758227378642,-0.7236347364649183,0.0,1.0,1,0,1,0
LP001677,1,0,2,1,0,0.365158663671402,-0.9148862214035848,0.5081408085090433,0.0,0.0,1,0,1,0
LP001682,1,1,3,0,0,0.0657173399416695,-0.9148862214035848,0.25502062185500496,-0.6903809270670545,1.0,0,0,0,1
LP001688,1,1,1,0,0,-0.1221588766118158,-0.011978424733092739,0.09154193432486801,0.0,1.0,1,0,0,1
LP001691,1,1,2,0,0,0.038625522473627334,-0.9148862214035848,-0.07957236948922218,0.0,1.0,1,0,1,0
LP001692,0,0,0,0,0,0.20731665852961648,-0.9148862214035848,-0.14555657067520103,0.0,1.0,1,0,1,0
LP001693,0,0,0,1,0,-0.23065081834035292,-0.9148862214035848,-0.959812173961589,0.0,1.0,1,0,0,1
LP001698,1,0,0,0,0,0.05962139545397222,0.09762918648723012,-1.7086501581963596,0.0,1.0,1,1,0,0
LP001699,1,0,0,1,0,-0.6147879272943548,-0.9148862214035848,-1.5686749812885206,0.0,1.0,1,0,0,1
LP001702,1,0,0,1,0,-0.156021713331926,-0.9148862214035848,-0.03145544179291547,0.0,1.0,0,0,1,0
LP001708,0,0,0,1,0,1.3775403121601548,-0.9148862214035848,1.0207143255508018,0.0,1.0,0,0,1,0
LP001711,1,1,3,1,0,-0.15101576492911517,0.006534138398530478,-0.015666760127385233,0.0,0.0,0,0,1,0
LP001713,1,1,1,1,1,1.0202010934629575,-0.9148862214035848,1.2523239488263371,0.0,1.0,1,0,0,1
LP001715,1,1,3,0,1,0.5752556737264732,-0.9148862214035848,0.015546707146203476,0.0,1.0,1,1,0,0
LP001716,1,1,0,1,0,-0.26225932187365364,0.12048599759707126,0.1211604947293934,0.0,1.0,1,0,0,1
LP001720,1,1,3,0,0,0.013981267216907038,-0.024483408614500234,-0.5121063125826106,0.0,1.0,1,0,1,0
LP001722,1,1,0,1,0,-4.613562101735132,0.053614718837578915,0.09154193432486801,0.0,1.0,0,1,0,0
LP001726,1,1,0,1,0,-0.032398288845578375,0.05180869713556763,0.030975187238681704,0.0,1.0,1,0,1,0
LP001732,1,1,2,1,0,0.3873285860928579,-0.9148862214035848,-1.1707901813036552,0.0,0.0,0,0,1,0
LP001734,0,1,2,1,0,0.16622387893792714,0.08984746064533225,-0.03145544179291547,0.0,1.0,1,0,1,0
LP001736,1,1,0,1,0,-0.7717406128539771,-0.9148862214035848,-1.535139749098316,0.0,0.0,0,0,0,1
LP001743,1,1,2,1,0,0.07178738629899091,0.047518869791540505,-0.21375913917562778,0.0,1.0,1,0,1,0
LP001744,1,0,0,1,0,-0.3562122925940557,0.11025838335151317,0.2215473842671055,0.0,1.0,1,0,1,0
LP001749,1,1,0,1,0,0.9813342541299537,-0.02098603357110092,0.6146347467957594,0.0,1.0,1,0,1,0
LP001750,1,1,0,1,0,0.7060944092329051,-0.9148862214035848,-0.015666760127385233,0.0,1.0,1,0,1,0
LP001751,1,1,0,1,0,-0.22801144632431003,-0.9148862214035848,0.5561628221516332,0.0,1.0,0,1,0,0
LP001754,1,1,0,0,1,0.3095386856694389,-0.9148862214035848,0.13580918908904735,0.0,1.0,0,0,0,1
LP001758,1,1,2,1,0,0.7060944092329051,0.04585369433815304,0.982613011320608,0.0,1.0,1,0,1,0
LP001760,1,1,0,1,0,0.316460643775928,-0.9148862214035848,0.4085460717847583,0.28698931177288056,1.0,1,0,1,0
LP001761,1,0,0,1,1,0.7399747426382808,-0.9148862214035848,0.8841065110008623,0.0,1.0,1,1,0,0
LP001765,1,1,1,1,0,-0.6078911497273641,0.07066065431504687,-0.4333066855726925,0.0,1.0,1,0,1,0
LP001768,1,1,0,1,0,-0.03662034056672975,-0.9148862214035848,-2.2445702126895806,-0.6903809270670545,1.0,1,1,0,0
LP001770,1,0,0,0,0,-0.25507499676767664,0.10100355335452114,-0.14555657067520103,0.0,1.0,1,1,0,0
LP001776,0,0,0,1,0,1.117014409938954,-0.9148862214035848,1.56386731232106,0.0,1.0,1,0,1,0
LP001778,1,1,1,1,0,-0.27038510479005323,0.05209936247478914,0.1647930442311199,0.0,1.0,1,0,1,0
LP001784,1,1,1,1,0,0.5234798581094521,0.007562811736906854,0.5561628221516332,0.0,1.0,1,1,0,0
LP001786,1,1,0,1,0,0.5859862323704835,-0.9148862214035848,1.3748260642667214,0.0,1.0,0,0,0,1
LP001788,0,0,0,1,1,-0.137339162085421,-0.9148862214035848,-0.11229622980103274,0.0,1.0,1,0,0,1
LP001790,0,0,1,1,0,-0.00018733180191898366,-0.9148862214035848,-0.2843344413488908,0.0,1.0,1,1,0,0
LP001792,1,1,1,1,0,-0.19972647298796936,-0.9148862214035848,-0.5940906126371206,0.0,1.0,1,0,1,0
LP001798,1,1,2,1,0,0.6040206922771908,0.18556684304754723,-0.14555657067520103,0.0,1.0,1,1,0,0
LP001800,1,1,1,0,0,-0.5970388835802677,0.06611784968672836,0.1647930442311199,-0.6903809270670545,1.0,0,0,0,1
LP001806,1,0,0,1,0,-0.3590996892891749,0.20251527287106996,0.3699004203814499,-1.7780040941595692,1.0,1,0,0,1
LP001807,1,1,2,1,1,0.7060944092329051,0.011597509263718652,-0.35745353867385105,0.0,1.0,1,1,0,0
LP001811,1,1,0,0,0,-0.16104526252711657,0.1695523159342613,-0.09586832340514778,0.0,1.0,1,0,1,0
LP001813,1,0,0,1,1,0.6596334908848063,0.1670721534287085,-0.14555657067520103,-0.6903809270670545,1.0,0,0,0,1
LP001814,1,1,2,1,0,1.334467011714682,-0.9148862214035848,-0.2843344413488908,0.0,1.0,1,0,0,1
LP001819,1,1,1,0,0,0.7856644414805619,-0.9148862214035848,0.1211604947293934,-0.6903809270670545,1.0,1,0,0,1
LP001824,1,1,1,1,0,-0.39965249200298686,0.056663216704766664,-0.09586832340514778,0.28698931177288056,1.0,1,0,1,0
LP001825,1,1,0,1,0,-1.0647559511209568,0.05840308529170603,-0.7236347364649183,0.0,1.0,1,0,0,1
LP001835,1,1,0,0,0,-1.1806331245036774,0.15314112674278058,0.8941751934770262,0.0,0.0,0,0,1,0
LP001836,0,0,2,1,0,-0.15226560869889663,-0.9148862214035848,0.13580918908904735,0.0,1.0,0,0,0,1
LP001841,1,0,0,0,1,-0.556093622694223,0.07757666842879589,-0.4333066855726925,0.0,1.0,1,1,0,0
LP001843,1,1,1,0,0,-0.5136029532986942,0.2308825042703698,1.556634380044022,-0.6903809270670545,1.0,1,0,1,0
LP001844,1,0,0,1,1,2.071169048233527,-0.9148862214035848,0.8017059328520717,0.0,0.0,0,0,0,1
LP001846,0,0,3,1,0,-0.30335840611674325,-0.9148862214035848,1.3748260642667214,0.0,1.0,1,1,0,0
LP001849,1,0,0,0,0,0.6584523883582247,-0.9148862214035848,-0.231174141854004,0.0,0.0,0,1,0,0
LP001854,1,1,3,1,0,0.45702537476745625,-0.9148862214035848,-0.636359544732376,0.0,1.0,0,0,0,1
LP001859,1,1,0,1,0,1.9262965363356435,0.07352084411298351,1.7301447891420674,0.0,1.0,0,1,0,0
LP001864,1,1,3,0,0,0.36747811165650296,-0.9148862214035848,-0.015666760127385233,0.0,1.0,0,0,1,0
LP001865,1,1,1,1,0,0.6674043758479293,0.16457384444690862,1.8961169089889172,0.0,1.0,1,0,0,1
LP001868,1,0,0,1,0,-0.8792082588725199,0.08005569785315858,0.0765689117165981,0.0,1.0,1,0,1,0
LP001870,0,0,1,1,0,-0.12993401057938728,-0.9148862214035848,0.3699004203814499,-2.277960045688656,1.0,0,0,1,0
LP001871,0,0,0,1,0,0.9082359449733491,-0.9148862214035848,-0.14555657067520103,0.0,1.0,1,1,0,0
LP001872,1,0,0,1,1,0.43398446650824707,-0.9148862214035848,-0.015666760127385233,0.0,1.0,1,0,1,0
LP001875,1,0,0,1,0,0.10210558517709359,0.13752440160417825,0.3172004352061515,0.0,1.0,1,1,0,0
LP001877,1,1,2,1,0,0.30136988619894056,0.0199607554516253,0.30380873407691206,0.0,1.0,1,0,1,0
LP001882,1,1,3,1,0,0.18280308149944685,0.05440144010408916,0.43390684394266216,0.0,0.0,1,0,0,1
LP001883,0,0,0,1,0,-0.156021713331926,-0.9148862214035848,0.09154193432486801,0.0,1.0,0,1,0,0
LP001884,0,0,1,1,0,-0.40262911734011075,0.035137027463701044,-0.7236347364649183,0.0,1.0,1,0,0,1
LP001888,0,0,0,1,0,-0.23373626069792014,-0.9148862214035848,-2.908431335524422,0.0,1.0,1,0,0,1
LP001891,1,1,0,1,0,1.5325419226085415,-0.9148862214035848,0.10640526347497817,0.0,1.0,1,0,0,1
LP001892,1,0,0,1,0,-0.4241450290043338,0.05764042808568389,-0.04736795752049021,0.0,1.0,1,1,0,0
LP001894,1,1,0,1,0,-0.5357801789517244,0.08087158222571872,0.30380873407691206,0.0,1.0,1,0,1,0
LP001896,1,1,2,1,0,0.032412632784796475,-0.9148862214035848,-0.7236347364649183,0.0,1.0,1,0,1,0
LP001900,1,1,1,1,0,-0.4666150172052527,0.05659313225021868,-0.231174141854004,0.0,1.0,1,0,1,0
LP001903,1,1,0,1,0,0.06607511624128294,0.13087360445176044,0.9535599799385275,0.0,1.0,1,0,1,0
LP001904,1,1,0,1,0,-0.2941225650036683,0.011597509263718652,-0.959812173961589,0.0,1.0,1,0,0,1
LP001907,1,1,0,1,0,1.9165330731344246,-0.9148862214035848,2.459757437345173,0.0,1.0,1,0,1,0
LP001908,0,1,0,0,0,0.10384863729646619,-0.9148862214035848,-0.07957236948922218,0.0,1.0,1,1,0,0
LP001910,1,0,1,0,1,0.08737938239843737,0.09215707509662634,0.4085460717847583,0.0,0.0,0,0,0,1
LP001914,1,1,0,1,0,0.0422675831891494,-0.05106838188146615,-0.2843344413488908,0.0,1.0,1,0,1,0
LP001915,1,1,2,1,0,-0.7212037922766613,-0.02411628805634139,-1.0105356997941322,-0.6903809270670545,1.0,1,0,0,1
LP001917,0,0,0,1,0,-1.0631780606844485,0.04362537863736408,-1.7452067392024033,0.0,1.0,1,0,0,1
LP001922,1,1,0,1,0,2.414693631715126,-0.9148862214035848,0.25502062185500496,0.0,1.0,0,1,0,0
LP001924,1,0,0,1,0,-0.2690275943363468,0.12184691276095248,-0.7460530347859612,0.0,1.0,1,1,0,0
LP001925,0,0,0,1,1,-0.5467245422694732,0.047518869791540505,-0.5322938956103317,-0.18176769358400513,1.0,0,0,1,0
LP001926,1,1,0,1,0,-0.04124048895810274,0.06722019600219332,-0.14555657067520103,0.0,1.0,1,1,0,0
LP001931,0,0,0,1,0,0.11218581424242734,-0.9148862214035848,-0.231174141854004,0.0,1.0,1,0,1,0
LP001935,1,0,0,1,0,1.3054635663421146,-0.9148862214035848,0.7484526037881976,0.0,1.0,1,1,0,0
LP001936,1,1,0,1,0,-0.3070695241643196,0.09162362805974196,0.15035287398438518,0.0,1.0,1,1,0,0
LP001938,1,1,2,1,0,0.2047218253168955,-0.9148862214035848,-0.03145544179291547,0.0,0.0,0,0,1,0
LP001940,1,1,2,1,0,-0.27129082884259875,0.035137027463701044,0.0765689117165981,0.0,1.0,1,0,0,1
LP001945,0,0,0,1,0,0.5017579065196904,-0.9148862214035848,0.20750694515256624,0.28698931177288056,0.0,0,0,0,1
LP001947,1,1,0,1,0,-0.6711944488242267,0.1332192184448545,0.5797541967440896,0.0,1.0,1,0,1,0
LP001949,1,1,3,1,0,0.20990678775931446,0.006534138398530478,-0.320564606884054,0.0,1.0,1,0,0,1
LP001953,1,1,1,1,0,0.842250875026923,-0.9148862214035848,0.8841065110008623,0.0,1.0,1,0,1,0
LP001954,0,1,1,1,0,0.2885693003462233,-0.9148862214035848,0.09154193432486801,0.0,1.0,1,0,0,1
LP001955,0,0,0,1,0,0.3873285860928579,0.09813845277052095,0.3172004352061515,0.28698931177288056,1.0,0,1,0,0
LP001963,1,1,1,1,0,-0.911458825199302,0.11631506844729562,-0.26645912435092617,0.0,1.0,0,0,0,1
LP001964,1,1,0,0,0,-1.0718781020110937,0.11671186323080734,-0.6578289022714394,0.0,0.0,0,0,0,1
LP001972,1,1,0,0,0,-0.4031258250263385,0.04997707177925783,-0.414075874717801,0.0,1.0,1,0,1,0
LP001974,0,0,0,1,0,0.3873285860928579,-0.9148862214035848,0.04628722486234263,0.0,1.0,1,1,0,0
LP001977,1,1,1,1,0,-1.2179266072281336,0.05382975470767431,-0.5940906126371206,0.0,1.0,1,0,0,1
LP001978,1,0,0,1,0,0.06857704496447542,0.09603758227378642,0.1647930442311199,0.0,1.0,1,1,0,0
LP001990,1,0,0,0,0,-0.9214204766237253,-0.9148862214035848,0.25502062185500496,0.0,1.0,0,0,0,1
LP001993,0,0,0,1,0,-0.01904689344577541,0.04362537863736408,0.09154193432486801,0.0,1.0,1,1,0,0
LP001994,0,0,0,1,0,-0.6610421578478999,0.05805698090902881,-0.4333066855726925,0.0,0.0,0,0,0,1
LP001996,1,0,0,1,0,2.3843717091193497,-0.9148862214035848,2.6543918804641033,0.0,1.0,0,1,0,0
LP001998,1,1,2,0,0,0.9980146283278752,-0.9148862214035848,0.7267536230974115,0.0,1.0,1,1,0,0
LP002002,0,0,0,1,0,-0.38241136309922935,-0.9148862214035848,-0.8620180456136595,0.0,1.0,1,0,1,0
LP002004,1,0,0,0,0,-0.37752329933389084,0.09103428116321605,-0.3023686521367243,0.0,1.0,1,0,1,0
LP002006,0,0,0,1,0,-0.598746928786725,-0.9148862214035848,-1.6727406304105632,0.0,1.0,1,1,0,0
LP002008,1,1,2,1,1,0.5859862323704835,-0.9148862214035848,0.2215473842671055,-1.4462267018425639,1.0,1,1,0,0
LP002024,1,1,0,1,0,-0.6182488405208071,0.056663216704766664,0.421266084328194,0.0,1.0,0,1,0,0
LP002031,1,1,1,0,0,-0.16398384370556607,0.04159437072715014,-0.3023686521367243,-0.6903809270670545,1.0,1,0,0,1
LP002035,1,1,2,1,0,-0.03623600172243792,-0.9148862214035848,-0.14555657067520103,0.0,1.0,1,0,1,0
LP002036,1,1,0,1,0,-0.8805954236854076,0.07559493181675041,-0.768721822070208,0.0,1.0,1,0,0,1
LP002043,0,0,1,1,0,-0.10552374181434647,-0.9148862214035848,-0.2843344413488908,0.0,1.0,1,0,1,0
LP002050,1,1,1,1,1,1.3775403121601548,-0.9148862214035848,0.3699004203814499,0.0,1.0,0,1,0,0
LP002051,1,1,0,1,0,-0.6610421578478999,0.07757666842879589,-0.231174141854004,0.0,1.0,1,0,1,0
LP002053,1,1,3,1,0,0.18576701406065443,-0.2369670971774617,-0.07957236948922218,0.0,1.0,1,0,1,0
LP002054,1,1,2,0,0,-0.08152351940765432,0.03759650570624909,0.25502062185500496,0.0,1.0,1,1,0,0
LP002055,0,0,0,1,0,-0.2654138595106454,0.11893763525891178,0.04628722486234263,0.0,1.0,1,1,0,0
LP002065,1,1,3,1,0,1.9568129833808465,-0.9148862214035848,1.7033610951455205,0.0,1.0,1,1,0,0
LP002067,1,1,1,1,1,1.1729928207632128,0.1851269003671888,2.1601227859370757,0.0,0.0,0,1,0,0
LP002068,1,0,0,1,0,0.36341660333157705,-0.9148862214035848,0.015546707146203476,0.0,0.0,1,1,0,0
LP002082,1,1,0,1,1,0.603775176399785,0.07715883261923902,0.7158164787941349,0.0,1.0,1,0,1,0
LP002086,0,1,0,1,0,0.18280308149944685,0.09348113555519103,-0.320564606884054,0.0,1.0,0,0,0,1
LP002087,0,0,0,1,0,-0.6027403262816897,-0.9148862214035848,-1.314739571734769,0.0,1.0,1,0,0,1
LP002097,1,0,1,1,0,0.19951797838047586,0.053111572264826205,-0.19649235108291055,0.0,1.0,1,0,0,1
LP002098,1,0,0,1,0,-0.3736248531361898,-0.9148862214035848,-0.552684372318396,0.0,1.0,1,0,1,0
LP002100,1,0,0,1,0,-0.4241450290043338,-0.9148862214035848,-1.1987745609070708,0.0,1.0,1,0,0,1
LP002101,1,1,0,1,0,4.014782319623024,-0.9148862214035848,2.6961389368355184,-0.6903809270670545,1.0,1,0,0,1
LP002103,1,1,1,1,1,1.3534806359299405,0.055960655491315764,0.6937637034638803,-0.6903809270670545,1.0,1,0,0,1
LP002106,1,1,0,1,1,0.5242588383986485,0.17166969417507913,-1.2271503431074149,0.0,1.0,1,0,1,0
LP002110,1,1,1,1,0,0.45702537476745625,-0.07052854777321169,0.43390684394266216,0.0,1.0,1,1,0,0
LP002112,1,1,2,1,1,-0.6027403262816897,0.17479612823978552,0.626129595419647,0.0,1.0,1,1,0,0
LP002113,0,0,3,0,0,-1.048274377235499,-0.9148862214035848,0.25502062185500496,0.0,0.0,0,0,0,1
LP002114,0,0,0,1,0,0.12460106668385335,-0.9148862214035848,-1.1987745609070708,0.0,1.0,1,0,1,0
LP002115,1,1,3,0,0,-0.521137025381431,0.037352654066467,0.5914478046485553,0.0,1.0,0,1,0,0
LP002116,0,0,0,1,0,-0.674194197238838,-0.9148862214035848,-2.0641104083310764,0.0,1.0,0,1,0,0
LP002119,1,1,1,0,0,0.25386290506494374,0.004346891914566815,0.4085460717847583,0.0,1.0,1,0,0,1
LP002126,1,1,3,0,0,-0.26225932187365364,-0.9148862214035848,-1.115953455167411,0.0,1.0,1,0,1,0
LP002128,1,1,2,1,0,-0.556093622694223,0.08694272048155156,-0.0634062651912426,0.0,1.0,1,1,0,0
LP002129,1,1,0,1,0,-0.6033117238678077,0.09384945379344234,0.43390684394266216,0.0,1.0,1,0,1,0
LP002130,1,1,0,0,0,-0.1128031330517271,0.12912601238901256,0.33050432127034796,0.0,0.0,0,1,0,0
LP002131,1,1,2,0,0,-0.30335840611674325,0.07763624910257068,-0.04736795752049021,0.0,1.0,1,0,0,1
LP002137,1,1,0,1,0,0.7249407230927941,0.1743178671145861,1.406281506059637,0.0,1.0,1,0,1,0
LP002138,1,1,0,1,0,-0.5330571370658477,0.21439197647913952,0.7484526037881976,0.0,1.0,1,1,0,0
LP002139,1,1,0,1,0,1.2401339110982208,-0.9148862214035848,1.1487013252230083,0.0,1.0,1,0,1,0
LP002140,1,0,0,1,0,1.1867737853550193,0.16202627238097947,1.7565794999875957,0.0,1.0,0,1,0,0
LP002141,1,1,3,1,0,-0.5109218122510069,0.07247117921909096,-0.6151150013499931,0.0,1.0,1,1,0,0
LP002142,0,1,0,1,1,0.5234798581094521,-0.9148862214035848,-0.414075874717801,0.0,0.0,0,1,0,0
LP002143,0,1,0,1,0,-0.6474205285239749,-0.11041339494918893,0.015546707146203476,0.0,1.0,1,0,1,0
LP002144,0,0,0,1,0,0.00018733180191898366,-0.9148862214035848,-0.21375913917562778,-0.6903809270670545,1.0,1,0,0,1
LP002149,1,1,2,1,0,1.117014409938954,0.12658189412047074,0.49595557455338907,0.0,1.0,1,1,0,0
LP002151,1,1,1,1,0,0.023226670546141998,-0.9148862214035848,-1.314739571734769,0.0,1.0,0,0,0,1
LP002158,1,1,0,0,0,-0.342338214145268,0.04362537863736408,-0.5121063125826106,0.28698931177288056,0.0,0,0,0,1
LP002160,1,1,3,1,0,0.43426095990921515,0.12658189412047074,0.8841065110008623,0.0,1.0,1,0,1,0
LP002161,0,0,1,1,0,0.3059138727864219,-0.9148862214035848,-0.9349181763035903,0.0,1.0,0,0,1,0
LP002170,1,1,2,1,0,0.3873285860928579,0.14551574865320438,1.218367752768064,0.0,1.0,1,0,1,0
LP002175,1,1,0,1,0,0.3140568078439498,0.08710889502380463,0.015546707146203476,0.0,1.0,1,0,0,1
LP002178,1,1,0,1,0,-0.3361622659138642,0.12099802213295434,-0.6151150013499931,-0.18176769358400513,1.0,1,0,0,1
LP002180,1,0,0,1,1,0.8311952214728704,-0.9148862214035848,0.17913116295222203,0.0,1.0,1,1,0,0
LP002181,1,0,0,0,0,0.6983018798217955,-0.9148862214035848,0.061484564498302974,0.0,1.0,0,1,0,0
LP002187,1,0,0,1,0,-0.6027403262816897,-0.9148862214035848,-0.5940906126371206,0.28698931177288056,1.0,0,0,1,0
LP002188,1,0,0,1,0,0.4223231609877038,-0.9148862214035848,-0.07957236948922218,0.0,0.0,0,1,0,0
LP002190,1,1,1,1,0,0.7231349981825634,-0.9148862214035848,0.6146347467957594,0.0,1.0,1,0,1,0
LP002191,1,1,0,1,0,2.3484045321888285,0.19226241655272802,3.002381655562286,0.0,1.0,0,1,0,0
LP002194,0,0,0,1,1,2.0273350018364584,-0.9148862214035848,-1.7086501581963596,0.0,1.0,1,0,1,0
LP002197,1,1,2,1,0,0.43922871334161084,-0.9148862214035848,0.3699004203814499,0.0,1.0,1,0,1,0
LP002201,1,1,2,1,1,1.2773923363939201,0.2442146920802309,2.181535495041706,-0.18176769358400513,1.0,1,1,0,0
LP002205,1,0,1,1,0,-0.3131207257116194,0.06637807271284579,-0.3023686521367243,-0.6903809270670545,0.0,0,0,0,1
LP002209,0,0,0,1,0,-0.4593623130782034,0.026494766799282837,-0.320564606884054,0.0,1.0,1,0,0,1
LP002211,1,1,0,1,0,0.33406512650188375,-0.03261191819202286,-0.14555657067520103,-0.6903809270670545,1.0,1,0,0,1
LP002219,1,1,3,1,0,1.1867737853550193,0.18546346181475315,0.015546707146203476,0.0,1.0,1,1,0,0
LP002223,1,1,0,1,0,0.17520053450782694,-0.9148862214035848,0.015546707146203476,0.0,1.0,1,0,1,0
LP002224,1,0,0,1,0,-0.30985920219675245,-0.9148862214035848,-1.1987745609070708,0.28698931177288056,1.0,0,0,0,1
LP002225,1,1,2,1,0,0.49488494770298275,-0.9148862214035848,0.015546707146203476,0.0,1.0,1,0,0,1
LP002226,1,1,0,1,0,-0.1919917071475084,0.09603758227378642,-0.015666760127385233,0.0,1.0,1,0,1,0
LP002229,1,0,0,1,0,0.6336614622595842,0.1640256087355178,1.6762190802438004,0.0,1.0,1,0,1,0
LP002231,0,0,0,1,0,0.647778298034387,-0.9148862214035848,0.38286426867481965,0.0,1.0,1,0,0,1
LP002234,1,0,0,1,1,0.9016732320242844,-0.9148862214035848,-0.015666760127385233,0.0,1.0,1,0,0,1
LP002236,1,1,2,1,0,0.25762202929884015,-0.9148862214035848,-0.5121063125826106,0.0,1.0,0,0,0,1
LP002237,1,0,1,1,0,-0.05558072784217828,-0.9148862214035848,-0.26645912435092617,-0.6903809270670545,1.0,1,0,0,1
LP002239,1,0,0,0,0,-0.6935431804745417,0.038406036479929795,0.04628722486234263,0.0,1.0,1,0,1,0
LP002243,1,1,0,0,0,-0.33758511713025097,0.12531139336633562,0.25502062185500496,0.0,0.0,0,0,0,1
LP002244,1,1,0,1,0,-0.7014791698521796,0.09167707198554678,0.10640526347497817,0.0,1.0,1,0,0,1
LP002250,1,1,0,1,0,0.5203596829403192,-0.9148862214035848,-0.0634062651912426,0.0,1.0,1,1,0,0
LP002255,1,0,3,1,0,1.253285164389996,-0.9148862214035848,0.7267536230974115,0.0,1.0,1,1,0,0
LP002262,1,1,3,1,0,1.3048624178552632,-0.9148862214035848,1.5274420007890286,0.0,1.0,1,1,0,0
LP002263,1,1,0,1,0,-0.556093622694223,0.07443998971671428,-0.14555657067520103,0.0,1.0,1,0,0,1
LP002265,1,1,2,0,0,-0.9264274692398544,0.04040794651520165,-0.26645912435092617,-0.6903809270670545,1.0,1,0,1,0
LP002266,1,1,2,1,0,-0.29550414091635646,0.021165216633731346,-0.26645912435092617,0.0,1.0,1,0,0,1
LP002272,1,1,2,1,0,-0.21663017573571752,-0.11588992510832716,0.09154193432486801,0.0,1.0,1,0,1,0
LP002277,0,0,0,1,0,-0.25911173365643864,-0.9148862214035848,-1.1987745609070708,0.0,0.0,0,0,0,1
LP002281,1,1,0,1,0,-0.32671263064143446,0.026494766799282837,-0.6151150013499931,0.0,1.0,1,0,0,1
LP002284,1,0,0,0,0,0.03314496475626012,0.04362537863736408,-0.33892523314276635,0.0,1.0,1,1,0,0
LP002287,0,0,0,1,0,-1.3322167748735583,0.053614718837578915,-0.4527215261211095,0.0,0.0,0,0,1,0
LP002288,1,1,2,0,0,-0.3961875821062685,-0.9148862214035848,-2.107742957832803,-0.6903809270670545,0.0,0,0,0,1
LP002296,1,0,0,0,0,-0.46402053738384863,-0.9148862214035848,-1.3753063188209553,-0.18176769358400513,1.0,0,1,0,0
LP002297,1,0,0,1,0,-0.6027403262816897,0.36465765169017966,-0.4527215261211095,0.0,1.0,1,0,1,0
LP002300,0,0,0,0,0,-0.9480869994142888,-0.9148862214035848,-1.7824341204641483,0.0,1.0,1,0,1,0
LP002301,0,0,0,1,1,0.955270977484713,-0.9148862214035848,0.8226219465025594,0.0,1.0,0,1,0,0
LP002305,0,0,0,1,0,0.25166550651794345,-0.9148862214035848,-0.231174141854004,0.0,1.0,1,0,1,0
LP002308,1,1,0,0,0,-0.806892317865058,0.09076550492983639,-0.231174141854004,0.0,1.0,1,0,0,1
LP002314,0,0,0,0,0,-0.7768940166195636,-0.9148862214035848,-1.344796941561334,0.0,1.0,1,1,0,0
LP002315,1,1,1,1,0,1.1113456645062307,-0.9148862214035848,0.33050432127034796,-0.18176769358400513,0.0,0,0,1,0
LP002317,1,1,3,1,0,4.36622787200947,-0.9148862214035848,2.0721378182648538,0.0,0.0,0,1,0,0
LP002318,0,0,1,0,1,0.02027464543599159,-0.9148862214035848,-1.4696877712508796,0.0,1.0,0,0,1,0
LP002319,1,1,0,1,0,0.7074651605165317,-0.9148862214035848,0.43390684394266216,0.0,1.0,1,0,0,1
LP002328,1,1,0,0,0,0.670454066749745,-0.9148862214035848,1.058113271258541,0.0,0.0,0,1,0,0
LP002332,1,1,0,0,0,-0.751310886480958,0.06933356293851504,-0.320564606884054,0.0,1.0,1,1,0,0
LP002335,0,1,0,0,0,-0.8188043987272423,0.12940562443864265,0.6489257381136773,0.0,0.0,0,0,1,0
LP002337,0,0,0,1,0,-0.34472070535105415,-0.9148862214035848,-1.535139749098316,0.0,1.0,1,0,0,1
LP002341,0,0,1,1,0,-0.5467245422694732,-0.9148862214035848,0.43390684394266216,0.0,1.0,0,0,0,1
LP002342,1,1,2,1,1,-1.2400649436129483,0.36465765169017966,1.2438880308307534,0.0,1.0,0,0,0,1
LP002345,1,1,0,1,0,-1.875815716423238,0.10942273099594003,-0.2843344413488908,0.0,1.0,1,1,0,0
LP002347,1,1,0,1,0,-0.22977048581401804,0.022723526910904953,0.13580918908904735,0.0,1.0,1,0,1,0
LP002348,1,1,0,1,0,0.6064735334719554,-0.9148862214035848,0.13580918908904735,0.0,1.0,1,1,0,0
LP002357,0,0,0,0,0,-0.4822816176482356,-0.9148862214035848,-0.959812173961589,0.0,0.0,0,0,0,1
LP002361,1,1,0,1,0,-1.0560990388784277,0.047669190563344434,-0.5121063125826106,0.0,1.0,1,0,0,1
LP002362,1,1,1,1,0,0.9181223644708821,0.0437028603121246,-0.320564606884054,0.0,0.0,0,0,0,1
LP002364,1,1,0,1,0,1.9453375480639856,-0.9148862214035848,-0.5940906126371206,0.0,1.0,1,0,1,0
LP002366,1,1,0,1,0,-0.5109218122510069,0.16608462743285443,-0.12885824303867904,0.0,1.0,1,1,0,0
LP002367,0,0,1,0,0,0.2700814903781706,-0.9148862214035848,-0.9349181763035903,0.0,1.0,0,1,0,0
LP002368,1,1,2,1,0,0.632218007368288,-0.9148862214035848,0.061484564498302974,0.0,1.0,1,0,1,0
LP002369,1,1,0,1,0,-0.38094318727724047,-0.5479242984312589,-0.7916467592638758,0.0,1.0,1,1,0,0
LP002370,1,0,0,0,0,-0.48385776744408465,-0.9148862214035848,-1.535139749098316,-0.6903809270670545,1.0,1,0,0,1
LP002377,0,0,1,1,1,1.1660521703933866,-0.9148862214035848,0.30380873407691206,0.0,1.0,1,0,1,0
LP002379,1,0,0,1,0,0.7621233747398132,-0.9148862214035848,-0.414075874717801,0.0,0.0,0,1,0,0
LP002386,1,0,0,1,0,1.7386753494700158,-0.9148862214035848,2.310475659921461,0.0,1.0,1,0,1,0
LP002387,1,1,0,1,0,-0.6462421534921958,0.08749580646655347,0.20750694515256624,0.0,1.0,1,0,1,0
LP002390,1,0,0,1,0,-0.023610473514123195,-0.9148862214035848,-0.5121063125826106,0.0,1.0,1,0,0,1
LP002393,0,1,0,1,0,1.3842391765754143,-0.9148862214035848,0.25502062185500496,-0.40408102484222574,1.0,1,0,1,0
LP002398,1,0,0,1,0,-0.9752607030174915,0.057222527919325014,-1.8983991312918473,0.0,1.0,1,0,1,0
LP002401,1,1,0,1,0,-0.7768940166195636,-0.007067037980002864,0.25502062185500496,0.0,1.0,1,0,0,1
LP002403,1,0,0,1,1,1.4357687963968155,-0.9148862214035848,0.7484526037881976,0.0,0.0,0,0,0,1
LP002407,0,1,0,0,1,0.8966813338395234,-0.9148862214035848,0.13580918908904735,0.0,1.0,1,1,0,0
LP002408,1,0,0,1,0,-0.05831001166167208,0.18720979069447582,0.7484526037881976,0.0,1.0,1,0,1,0
LP002409,1,1,0,1,0,1.0409638399086578,0.055960655491315764,0.6714685850921709,0.0,1.0,1,1,0,0
LP002418,1,0,3,0,0,0.3010664393155574,0.06676742716760119,0.2767571952434761,0.0,1.0,1,0,1,0
LP002422,1,0,1,1,0,3.274252963174917,-0.9148862214035848,0.33050432127034796,0.0,1.0,1,0,1,0
LP002424,1,1,0,1,0,0.9343842761235254,0.25155036357780264,0.6146347467957594,-0.18176769358400513,1.0,1,1,0,0
LP002429,1,1,1,1,1,-0.1361023018335628,0.0023355337297842112,0.015546707146203476,0.0,1.0,1,1,0,0
LP002434,1,1,2,0,0,0.28427682608103527,-0.9148862214035848,-0.320564606884054,0.0,1.0,1,1,0,0
LP002435,1,1,0,1,0,-0.10633073401035201,0.018932751781079775,-1.7086501581963596,0.0,1.0,0,1,0,0
LP002443,1,1,2,1,0,-0.18899501465861598,0.04699136551748556,0.30380873407691206,0.0,0.0,0,1,0,0
LP002444,1,0,1,0,1,-0.4567809580037952,0.033638549069782524,0.7805720401394488,0.0,1.0,0,0,1,0
LP002446,1,1,2,0,0,-0.7162470495948108,0.00704949882971645,-0.0634062651912426,0.0,0.0,0,1,0,0
LP002447,1,1,2,0,0,-0.9517290601298108,0.026229012803375418,-1.535139749098316,-0.18176769358400513,1.0,1,0,0,1
LP002448,1,1,0,1,0,0.04988582455809513,0.048716567256351095,0.29032805089222585,0.0,0.0,0,1,0,0
LP002449,1,1,0,1,0,-0.6124853004542458,0.09426910723194748,-0.7236347364649183,-0.6903809270670545,0.0,1,1,0,0
LP002453,1,0,0,1,1,0.8852341660267856,-0.9148862214035848,-0.8620180456136595,0.0,1.0,1,0,1,0
LP002455,1,1,2,1,0,0.01731650846824876,-0.9148862214035848,-0.5940906126371206,0.0,1.0,1,0,1,0
LP002459,1,1,0,1,0,0.17221457805001134,-0.9148862214035848,-0.17937127601894082,0.0,1.0,1,0,0,1
LP002467,1,1,0,1,0,-0.03969877891367409,0.09955381093330841,0.5914478046485553,0.0,1.0,0,0,0,1
LP002472,1,0,2,1,0,0.18970938394304696,-0.9148862214035848,0.10640526347497817,0.0,1.0,1,1,0,0
LP002473,1,1,0,1,0,1.1171858394964265,-0.9148862214035848,0.43390684394266216,0.0,1.0,0,0,1,0
LP002478,1,1,0,1,1,-0.8633519167191793,0.15939582334159993,0.43390684394266216,0.0,1.0,1,0,1,0
LP002484,1,1,3,1,0,1.0115523912459625,-0.9148862214035848,-0.015666760127385233,-0.6903809270670545,1.0,1,0,0,1
LP002487,1,1,0,1,0,-0.3352144850200413,0.07882212882582032,0.3437215364519523,0.0,1.0,1,1,0,0
LP002489,0,0,1,0,0,0.4408808002225912,-0.9148862214035848,0.04628722486234263,0.0,1.0,1,0,1,0
LP002493,1,0,0,1,0,0.1266598273355147,-0.9148862214035848,-0.552684372318396,0.0,0.0,0,0,1,0
LP002494,1,0,0,1,0,0.647778298034387,-0.9148862214035848,0.1647930442311199,0.0,1.0,1,1,0,0
LP002500,1,1,3,0,0,-0.3677970558855753,0.04347027575104055,-1.2271503431074149,-0.6903809270670545,0.0,0,0,0,1
LP002501,1,1,0,1,0,2.1095103850553514,-0.9148862214035848,-0.320564606884054,0.0,1.0,1,0,1,0
LP002502,0,1,2,0,0,-4.135523441792319,0.11596133601883123,-0.552684372318396,0.0,1.0,1,0,1,0
LP002505,1,1,0,1,0,0.18280308149944685,0.09348113555519103,-0.320564606884054,0.0,1.0,0,0,0,1
LP002515,1,1,1,1,1,-0.1427112972315524,0.072222954956781,0.4589545121445621,0.0,1.0,1,0,1,0
LP002517,1,1,1,0,0,-0.5179032715037495,0.030072994982925757,-0.26645912435092617,-0.6903809270670545,0.0,0,1,0,0
LP002519,1,1,3,1,0,0.2962025039116948,-0.9148862214035848,-0.5121063125826106,0.0,1.0,1,0,1,0
LP002522,0,0,0,1,1,-0.6027403262816897,-0.9148862214035848,-0.6578289022714394,0.0,1.0,1,0,0,1
LP002524,1,0,2,1,0,0.5317671658535716,0.1761370339107204,0.4589545121445621,0.0,1.0,1,1,0,0
LP002527,1,1,2,1,1,2.095144617821841,-0.02047586237005109,0.30380873407691206,0.0,1.0,1,1,0,0
LP002529,1,1,2,1,0,0.805416480669132,0.04997707177925783,1.1663434829545098,-0.18176769358400513,1.0,1,0,1,0
LP002530,1,1,2,1,0,-0.4041197587325381,0.05867930279678634,0.04628722486234263,0.0,0.0,0,0,1,0
LP002531,1,1,1,1,1,2.1073689925423937,0.08243067090877228,-0.8148337014110816,0.0,1.0,1,0,1,0
LP002533,1,1,2,1,0,-0.3677970558855753,0.03864790991492165,0.25502062185500496,0.0,1.0,0,0,0,1
LP002534,0,0,0,0,0,0.18839646894595893,-0.9148862214035848,0.3568532027159617,0.0,1.0,1,1,0,0
LP002536,1,1,3,0,0,-0.2978097403275004,-0.9148862214035848,-0.26645912435092617,0.0,1.0,1,1,0,0
LP002537,1,1,0,1,0,-0.8633519167191793,0.12588671545028032,-0.015666760127385233,0.0,1.0,1,0,1,0
LP002541,1,1,0,1,0,1.491848754993161,-0.9148862214035848,1.201174129909307,0.0,1.0,1,0,1,0
LP002543,1,1,2,1,0,1.117014409938954,-0.9148862214035848,1.3022158569375943,0.0,1.0,1,0,1,0
LP002544,1,1,1,0,0,-0.9517290601298108,0.09268832867732991,0.030975187238681704,0.0,1.0,1,1,0,0
LP002545,1,0,2,1,0,-0.1031054964217569,-0.9148862214035848,-0.959812173961589,0.0,0.0,0,1,0,0
LP002547,1,1,1,1,0,2.2434838942913404,-0.9148862214035848,2.7370442610712375,0.0,1.0,0,0,0,1
LP002555,1,1,2,1,1,0.2629305817865566,0.07247117921909096,0.43390684394266216,0.0,1.0,1,0,1,0
LP002556,1,0,0,1,0,-0.6403648122344172,-0.9148862214035848,-1.0890810708534855,0.0,1.0,0,0,0,1
LP002560,1,0,0,0,0,-0.4933513548311415,0.10998043267681795,-0.5940906126371206,0.0,1.0,1,0,1,0
LP002562,1,1,1,0,0,0.47943277035243137,-0.006380407371254227,0.7376321229135429,0.0,1.0,1,0,0,1
LP002571,1,0,0,0,0,-0.046262566694725005,-0.9148862214035848,-0.320564606884054,0.0,1.0,1,1,0,0
LP002582,0,0,0,0,1,2.157565871970441,-0.9148862214035848,1.1219470647107461,0.0,1.0,1,0,1,0
LP002585,1,1,0,1,0,-0.08311105250991876,0.0769793456413695,-0.16239347522888362,0.0,0.0,0,1,0,0
LP002586,0,1,1,1,0,-0.1949946980489027,-0.03401781551133177,-0.414075874717801,-1.4462267018425639,1.0,1,0,1,0
LP002587,1,1,0,0,0,-0.5467245422694732,0.046234032230686006,-0.37615261440451137,0.0,1.0,1,1,0,0
LP002588,1,1,0,1,0,0.2759618871236205,0.11327701462764905,-0.3023686521367243,-3.323928600871344,1.0,1,0,0,1
LP002600,1,1,1,1,1,-0.3932243325580113,-0.9148862214035848,-0.6151150013499931,0.0,1.0,1,0,1,0
LP002602,1,0,0,1,0,0.7136173190397325,0.1695230684663853,0.9729748204869445,0.0,0.0,0,1,0,0
LP002603,0,0,0,1,0,-2.536802787901102,0.14607810291986162,-0.26645912435092617,0.28698931177288056,1.0,1,1,0,0
LP002606,0,0,0,1,0,-0.26857537732195474,-0.9148862214035848,-0.5121063125826106,0.0,1.0,1,0,1,0
LP002615,1,1,2,1,0,0.34822910514924654,0.2007586548281585,0.9632906237948262,0.0,1.0,1,0,1,0
LP002618,1,1,1,0,0,0.08632167996021758,0.19314250033346883,0.13580918908904735,0.0,1.0,0,1,0,0
LP002619,1,1,0,0,0,0.0005618971848574702,0.02860134643584247,-0.07957236948922218,-0.18176769358400513,1.0,1,0,1,0
LP002622,1,1,2,1,0,-0.11808363241991547,0.1695230684663853,1.2774232630209579,0.0,1.0,1,1,0,0
LP002624,1,1,0,1,0,2.4261233790002548,0.22273556496114122,2.6543918804641033,0.0,1.0,1,0,0,1
LP002625,1,0,0,1,0,-0.0886813505791551,-0.9148862214035848,-0.5940906126371206,0.0,1.0,0,0,0,1
LP002626,1,1,0,1,1,-0.6147879272943548,0.12014351710815437,0.7592156813113168,0.0,1.0,1,0,0,1
LP002634,0,0,1,1,0,1.7808749695479926,-0.9148862214035848,-2.3411996823632273,0.0,1.0,1,0,0,1
LP002637,1,0,0,0,0,-0.08271400383568168,0.010300002063697328,-0.5121063125826106,0.0,1.0,0,1,0,0
LP002640,1,1,1,1,0,0.6631709515802734,0.0674782104439887,1.3348082904595078,0.0,1.0,1,0,1,0
LP002643,1,1,2,1,0,-0.21358141447670725,0.06946054151265808,0.2767571952434761,0.0,1.0,1,0,0,1
LP002648,1,1,0,1,0,-0.8314869455628884,0.2227161872799964,-1.2271503431074149,-0.6903809270670545,1.0,0,0,1,0
LP002652,1,0,0,1,0,0.6030383755351317,0.14548052010798515,1.7761819264410867,0.0,1.0,0,1,0,0
LP002659,1,1,3,1,0,-0.1361023018335628,0.13681048002991023,0.30380873407691206,0.0,1.0,1,1,0,0
LP002670,0,1,2,1,0,-0.8994551697351232,0.04096296720397411,-0.26645912435092617,0.28698931177288056,1.0,1,0,1,0
LP002682,1,1,0,0,0,-0.3075340924158647,0.053614718837578915,-0.09586832340514778,0.0,0.0,0,0,1,0
LP002683,1,0,0,1,0,0.29376431279945436,0.061611933117544856,0.7267536230974115,0.0,1.0,0,0,1,0
LP002684,0,0,0,0,0,-0.16356367618451315,-0.9148862214035848,-0.6151150013499931,0.0,1.0,0,1,0,0
LP002689,1,1,2,0,0,-0.790510807928075,0.0493854247749409,-2.107742957832803,0.0,1.0,1,0,1,0
LP002690,1,0,0,1,0,-0.6027403262816897,-0.9148862214035848,-1.7086501581963596,0.0,1.0,1,0,1,0
LP002692,1,1,3,1,1,0.5687281152331741,0.02335976092367712,-0.5121063125826106,0.0,1.0,1,1,0,0
LP002693,1,1,2,1,1,1.0494368498282463,0.23205961589157603,2.6543918804641033,0.0,1.0,1,1,0,0
LP002697,1,0,0,1,0,0.29284891737356117,0.07271892749978134,0.25502062185500496,0.0,1.0,0,0,1,0
LP002699,1,1,2,1,1,2.177046730404796,-0.9148862214035848,2.28533487533275,0.0,1.0,1,1,0,0
LP002705,1,1,0,1,0,-0.014119408687771668,-0.9148862214035848,-0.320564606884054,0.0,1.0,1,0,1,0
LP002706,1,1,1,0,0,0.46651716018863665,0.023902621759259196,0.4464693320980462,0.0,0.0,1,0,1,0
LP002714,1,0,1,0,0,-0.503974300755444,0.011795974262483922,-0.636359544732376,0.0,1.0,1,0,1,0
LP002716,1,0,0,0,0,0.8230049431245368,-0.9148862214035848,0.015546707146203476,0.0,1.0,1,0,1,0
LP002717,1,1,0,1,0,-1.875815716423238,0.1978786352720076,1.0394999723106804,0.0,1.0,1,1,0,0
LP002720,1,1,3,1,0,0.16555669254007216,-0.9148862214035848,-0.5121063125826106,0.0,1.0,1,0,0,1
LP002723,1,0,2,1,0,-0.08668946451132556,-0.9148862214035848,-0.320564606884054,0.0,0.0,0,1,0,0
LP002729,1,0,1,1,0,1.5458104422072494,-0.9148862214035848,0.8433245277193351,0.0,1.0,0,0,1,0
LP002731,0,0,0,0,1,2.2303311997459745,-0.9148862214035848,-0.0634062651912426,0.0,1.0,1,0,0,1
LP002732,1,0,0,0,0,-0.5744579371606435,0.06990398633215776,-0.04736795752049021,0.0,1.0,1,1,0,0
LP002734,1,1,0,1,0,0.6790984961712113,0.1536713175408293,1.8590030321807465,0.0,1.0,1,0,0,1
LP002738,1,0,2,1,0,-0.07519096767828251,-0.9148862214035848,-0.37615261440451137,0.0,1.0,1,0,1,0
LP002739,1,1,0,0,0,-0.38241136309922935,-0.10273093785408928,-1.344796941561334,0.0,1.0,0,1,0,0
LP002740,1,1,3,1,0,0.7437643156478533,-0.9148862214035848,0.3957458062655048,-0.6903809270670545,1.0,1,1,0,0
LP002741,0,1,1,1,0,0.27070162044218,0.11273339241417595,0.1647930442311199,-0.6903809270670545,1.0,1,0,1,0
LP002743,0,0,0,1,0,-0.8261331982400394,-0.9148862214035848,-0.5322938956103317,0.0,0.0,0,0,1,0
LP002753,0,0,1,1,0,-0.06143559047454229,-0.9148862214035848,-0.6151150013499931,0.0,1.0,1,0,1,0
LP002755,1,1,1,0,0,-0.7602129691420992,0.09727150193149729,-0.015666760127385233,0.0,1.0,1,0,0,1
LP002757,0,1,0,0,0,-0.3342673324198644,-0.07530369173293167,-0.4723239525746005,0.0,1.0,1,0,1,0
LP002767,1,1,0,1,0,-0.4572968560578007,0.06395077335262865,0.3699004203814499,0.0,1.0,1,1,0,0
LP002768,1,0,0,0,0,-0.18131797123008364,-0.9148862214035848,-0.959812173961589,-2.277960045688656,1.0,0,0,1,0
LP002772,1,0,0,1,0,-0.5879636349979321,0.05238937536601162,0.23549132475598172,0.0,1.0,1,1,0,0
LP002776,0,0,0,1,0,0.3873285860928579,-0.9148862214035848,-0.4527215261211095,0.0,0.0,0,0,1,0
LP002777,1,1,0,1,0,-0.4485518228290148,0.06824917656333074,-0.320564606884054,0.0,1.0,1,1,0,0
LP002778,1,1,2,1,1,0.7910589191001285,-0.9148862214035848,0.25502062185500496,0.0,0.0,0,1,0,0
LP002784,1,1,1,0,0,-0.607317918167,0.08941317220687674,0.25502062185500496,0.0,1.0,1,1,0,0
LP002785,1,1,1,1,0,-0.1919917071475084,0.12992330395825008,0.4085460717847583,0.0,1.0,1,0,0,1
LP002788,1,1,0,0,0,-0.6292640353737947,0.08710889502380463,0.6826467695947186,0.0,0.0,0,0,0,1
LP002789,1,1,0,1,0,-0.08470035150031231,0.16505921975846147,0.04628722486234263,-0.6903809270670545,0.0,0,1,0,0
LP002792,1,1,1,1,0,0.5151442011679095,-0.018204698030512296,-3.1887156265237855,0.0,1.0,1,0,1,0
LP002794,0,0,0,1,0,-0.5103861872606509,0.04040794651520165,-0.8620180456136595,0.0,1.0,1,0,0,1
LP002795,1,1,3,1,1,1.3972616292514979,-0.9148862214035848,1.4140697511511147,0.0,1.0,1,0,1,0
LP002798,1,1,0,1,0,0.0276433035685991,0.10448573372308365,0.4589545121445621,0.0,1.0,1,0,1,0
LP002804,0,1,0,1,0,0.13145209704881416,0.0856055733456202,0.6937637034638803,0.0,1.0,1,0,1,0
LP002807,1,1,2,0,0,-0.052467916926738495,-0.2051788993526693,-0.35745353867385105,0.0,1.0,1,0,1,0
LP002813,0,1,1,1,1,2.3304789710392413,-0.9148862214035848,3.106269640569772,0.0,1.0,1,0,1,0
LP002820,1,1,0,1,0,0.6293267153629998,0.07066065431504687,0.9922056313418359,0.0,1.0,1,1,0,0
LP002821,1,0,0,0,1,0.5993486610501239,-0.9148862214035848,0.04628722486234263,0.0,1.0,1,0,1,0
LP002832,1,1,2,1,0,1.1947517221684472,-0.9148862214035848,1.3984632483888517,0.0,0.0,0,0,0,1
LP002833,1,1,0,0,0,0.22630939039044723,-0.9148862214035848,-0.14555657067520103,0.0,1.0,1,1,0,0
LP002836,1,0,0,1,0,-0.1919917071475084,-0.9148862214035848,-1.2271503431074149,0.0,1.0,1,0,0,1
LP002837,1,1,3,1,0,-0.16356367618451315,0.09603758227378642,-0.09586832340514778,0.0,0.0,0,1,0,0
LP002840,0,0,0,1,0,-0.674194197238838,-0.9148862214035848,-5.203859939910352,0.0,1.0,0,0,0,1
LP002841,1,1,0,1,0,-0.2654138595106454,0.07128784335635101,-0.4333066855726925,0.0,0.0,0,0,0,1
LP002842,1,1,1,1,0,-0.1564396684746001,0.04997707177925783,0.7376321229135429,0.0,1.0,1,0,0,1
LP002847,1,1,0,1,0,0.4200911282821914,0.02578487111886813,0.49595557455338907,0.0,0.0,0,0,0,1
LP002855,1,1,2,1,0,2.10728327004979,-0.9148862214035848,1.5274420007890286,0.0,1.0,1,0,0,1
LP002862,1,1,2,0,0,0.67723385689182,0.04040794651520165,0.7484526037881976,0.28698931177288056,1.0,0,0,1,0
LP002863,1,1,3,1,0,0.7413133870007663,-0.9148862214035848,0.30380873407691206,0.0,1.0,0,0,1,0
LP002868,1,1,2,1,0,-0.26857537732195474,-0.12216701135391149,-0.35745353867385105,-1.4462267018425639,1.0,1,0,0,1
LP002872,1,1,0,1,0,-0.30150645557224404,0.08011414648061596,0.10640526347497817,0.0,0.0,0,0,1,0
LP002874,1,0,0,1,0,-0.23727065865372896,0.10782937622864111,-0.320564606884054,0.0,1.0,1,0,0,1
LP002877,1,1,1,1,0,-1.086229803935659,0.08139337167135091,-0.37615261440451137,0.0,1.0,1,1,0,0
LP002888,1,0,0,1,0,-0.2582136948807751,0.11596133601883123,0.4464693320980462,0.0,1.0,1,0,0,1
LP002892,1,1,2,1,0,0.7708875773163743,-0.9148862214035848,0.9339575534850364,0.0,1.0,1,0,1,0
LP002893,1,0,0,1,0,-1.0436000667031335,0.4325916528049858,-0.7236347364649183,0.0,1.0,0,0,0,1
LP002894,0,1,0,1,0,-0.2654138595106454,-0.9148862214035848,-2.5494680594462493,0.0,1.0,1,0,1,0
LP002898,1,1,1,1,0,-1.0097812181498007,-0.9148862214035848,-1.5021498294647848,0.0,1.0,0,1,0,0
LP002911,1,1,1,1,0,-0.4475265054939881,0.061746727797263486,0.24934008402202618,0.0,0.0,0,1,0,0
LP002912,1,1,1,1,0,0.16622387893792714,0.11958504277083934,0.5797541967440896,-1.4462267018425639,1.0,0,1,0,0
LP002916,1,1,0,1,0,-0.7236886270682523,0.031952932352205615,-0.4333066855726925,0.0,1.0,1,0,0,1
LP002917,0,0,0,0,0,-0.8082109886047579,-0.9148862214035848,-1.2271503431074149,0.0,1.0,1,0,1,0
LP002925,1,0,0,1,0,0.3140568078439498,-0.9148862214035848,-0.636359544732376,0.0,1.0,1,0,1,0
LP002926,1,1,2,1,1,-0.47913452464668427,-0.9148862214035848,-0.39502563752284736,0.0,0.0,0,0,1,0
LP002928,1,1,0,1,0,-0.342338214145268,0.13635754113030163,-1.6727406304105632,-0.6903809270670545,1.0,1,0,1,0
LP002931,1,1,2,1,1,0.647778298034387,-0.9148862214035848,0.9339575534850364,-0.40408102484222574,1.0,0,0,1,0
LP002933,1,0,3,1,1,1.2825929103758087,-0.9148862214035848,1.6487090268190787,0.0,1.0,1,0,1,0
LP002936,1,1,0,1,0,0.01731650846824876,0.13189526972330518,0.19336866246756532,-0.6903809270670545,1.0,1,1,0,0
LP002938,1,1,0,1,1,2.059693553834954,-0.9148862214035848,1.4140697511511147,0.0,1.0,1,0,0,1
LP002940,1,0,0,0,0,0.007660045724435814,-0.9148862214035848,-0.320564606884054,0.0,1.0,1,1,0,0
LP002941,1,1,2,0,1,0.7361750917535411,-0.022270345227904834,0.7484526037881976,0.0,1.0,0,1,0,0
LP002943,1,0,0,1,0,-0.3485409740576406,-0.9148862214035848,-0.768721822070208,0.0,0.0,0,0,1,0
LP002945,1,1,0,1,1,1.3722445538442645,-0.9148862214035848,0.6714685850921709,0.0,1.0,1,1,0,0
LP002948,1,1,2,1,0,0.5944141728263117,-0.9148862214035848,0.8017059328520717,0.0,1.0,1,0,0,1
LP002949,0,0,3,1,0,-3.1621986155648036,0.45948464914485565,2.0151443133865667,-0.6903809270670545,1.0,0,0,0,1
LP002950,1,1,0,0,0,-0.3937177808948257,0.11030465038469903,0.3699004203814499,0.0,1.0,1,1,0,0
LP002953,1,1,3,1,0,0.5752556737264732,-0.9148862214035848,-0.015666760127385233,0.0,1.0,1,0,0,1
LP002958,1,0,0,1,0,-0.052079291969888586,0.16611466362705946,0.5797541967440896,0.0,1.0,1,1,0,0
LP002959,0,1,1,1,0,1.6380138305485972,-0.9148862214035848,2.720780964727687,0.0,1.0,1,0,1,0
LP002960,1,1,0,0,0,-0.6610421578478999,0.15011757170749737,0.25502062185500496,-0.6903809270670545,1.0,0,0,0,1
LP002961,1,1,1,1,0,-0.16356367618451315,0.09603758227378642,0.5914478046485553,0.0,1.0,1,0,1,0
LP002964,1,1,2,0,0,0.06392711336358502,0.02217567864640799,0.3957458062655048,0.0,1.0,1,1,0,0
LP002974,1,1,0,1,0,-0.23594423462681274,0.06395077335262865,-0.35745353867385105,0.0,1.0,1,1,0,0
LP002978,0,0,0,1,0,-0.39075964392708284,-0.9148862214035848,-1.1987745609070708,0.0,1.0,1,1,0,0
LP002979,1,1,3,1,0,0.10593749679870842,-0.9148862214035848,-2.3411996823632273,-0.6903809270670545,1.0,1,1,0,0
LP002983,1,1,1,1,0,1.0715529668476849,-0.2062466797177956,1.3589135485391468,0.0,1.0,1,0,0,1
LP002984,1,1,2,1,0,0.9822765344813557,-0.9148862214035848,0.7484526037881976,0.0,1.0,1,0,0,1
LP002990,0,0,0,1,1,0.2629305817865566,-0.9148862214035848,0.061484564498302974,0.0,0.0,0,0,1,0
